name, username, id, followings
Ernestine Siu, ErnestineSiu, 303390916, 103
Spaces, TwitterSpaces, 1065249714214457345, 394801
Delano Saporu, DelanoSaporu, 834577428, 1246
Perry Russom, perryrussom, 235015924, 4026
Hannah Miao, hannahmiao_, 1176708335892144128, 1011
Nadine El-Bawab, nadineelbawab, 833528215, 465
Monica Pitrelli, MonicaPitrelli, 1301124388876554241, 327
Katie Tsai (Ëî°ÈùúÁê¶), KatieJTsai, 980490661584691201, 265
Valerie Castro, VCastroTV, 95995411, 8459
Kristina Partsinevelos, KristinaParts, 94342002, 16093
Zach Vallese, zachvallese, 816468160291500032, 307
Tiffany McGhee, TiffanyInvests, 4114018157, 3523
Helima, CroftHelima, 2611502351, 8510
Cameron Winklevoss, cameron, 250980843, 645004
Tyler Winklevoss, tyler, 24222556, 947965
Morning Brew ‚òïÔ∏è, MorningBrew, 3092541736, 304652
Senator Alex Padilla, SenAlexPadilla, 1351236267707654145, 50412
NBCU Academy, NBCUAcademy, 164691705, 266547
Reem Nasr, reemanasr, 829816435, 395
Bonawyn Eison, Bonawyn, 447181364, 9430
Tom Winter, Tom_Winter, 27101698, 92782
Emily DeCiccio, EmilyDeCiccio, 332274263, 3154
SiriusXM, SIRIUSXM, 189258194, 301584
Salesforce, salesforce, 33612317, 559732
Melissa Repko, melissa_repko, 546461238, 6202
DealBook, dealbook, 16955517, 123075
T. Rowe Price, TRowePrice, 18639872, 30067
Steve Patterson, PattersonNBC, 17100518, 12806
Steve Kornacki, SteveKornacki, 44134773, 691057
AJ Horch, AJHorch, 371883004, 605
Jeff Andrews, jandrews81, 17699672, 1476
Allianz, Allianz, 70915740, 49809
Sally Ramirez, SallyRamirez, 524610407, 7917
NEFE, NEFE_ORG, 52170081, 8665
Newsweek, Newsweek, 2884771, 3460674
MacKenzie Sigalos, KenzieSigalos, 591445787, 13890
suzeormanshow, SuzeOrmanShow, 26551204, 1358104
jose diaz-balart, jdbalart, 49733381, 86673
Lisa Baird, lisainog, 65956819, 10228
Luciana Borio, MD, llborio, 1270795052, 13161
Joe Biden, JoeBiden, 939091, 31891766
Timothy Caulfield, CaulfieldTim, 407395156, 74000
Megan Ranney MD MPH üóΩ, meganranney, 233788247, 102636
CBRE Americas, CBREAmericas, 1485164719, 21298
Julie Whelan, juliewhelancbre, 730072197214015488, 552
CBRE, CBRE, 34675715, 132481
Aneesh Chopra, aneeshchopra, 121539516, 23798
Edouard Bugnion üíâüíâ üá®üá≠, ebugnion, 53125351, 1253
Veeva Systems, veevasystems, 61053820, 5713
The Boston Globe, BostonGlobe, 95431448, 796947
Ken Mandl, mandl, 18335872, 4907
Invesco US, InvescoUS, 240826569, 190760
Change Research, ChangePolls, 864581823048818688, 11153
Nick Mehta (he/him), nrmehta, 9529752, 21582
Sheryl Sandberg, sherylsandberg, 19506790, 267612
jlo, JLo, 85603854, 45200133
Alex Rodriguez, AROD, 348217747, 1281479
Stephanie Link, Stephanie_Link, 455309376, 103371
Michael C. Khouw, Michael_Khouw, 306850457, 40242
Kelly Clarkson, kellyclarkson, 23690344, 12107871
Scott Gottlieb, MD, ScottGottliebMD, 40156330, 522294
Aaron Kirman, aaronkirman, 772469629, 15852
Fahiemah Al-Ali, thisfahiemah, 127684464, 2228
Emma Graham, themmagraham, 117832199, 18819
Amanpour and Company, AmanpourCoPBS, 1022853254273818625, 24931
Peacock, peacockTV, 1171155332917321730, 180492
Yasmin Khorram, YasminKhorram, 190131875, 5053
Tessa Thompson, TessaThompson_x, 2294733114, 644397
Sam Meredith, smeredith19, 380537477, 1453
Lauren Alperstein, laurenalp3, 1656657097, 1176
Greg Iacurci, GregIacurci, 867117367, 3506
Vanna Le, vannamle, 18597662, 4407
Alizah Salario, Alirosa, 20386943, 1509
Alexa Pozniak, ApozTV, 23160391, 540
Whitney Ksiazek Schwartz, SoooWhitty, 38353028, 984
mariamabdallah, MariamAbdallah, 66187523, 2514
Aditi, Aditi_Shrikant, 68825681, 857
Divya J. Verma, divya_verma, 123364385, 330
Chris-you-daily, chrisudaily, 130179587, 808
Dillon Rebock, Dillonrebock, 142425887, 704
Nina Zipkin, NinaZipkin, 159300154, 10265
Alicia Adamczyk, AliciaAdamczyk, 186489227, 5347
Jacqueline Corba, jm_corba, 188509457, 2393
Lindsey Stanberry, lestanberry, 239395675, 3062
LisaFerber, LisaFerber, 271481559, 304
Stephen L. Weiss, stephenLweiss, 282245814, 51888
Jennifer Liu, jljenniferliu, 325848015, 2336
Kevin Stankiewicz, kevin_stank, 343650219, 3611
Anna Hecht, annarhecht, 364343905, 660
Cait Freda, CaitFreda, 476922226, 323
Sovy Azhath, SovyProducer, 480721775, 582
Alysha Webb, AlyshaWebb, 610385794, 288
Elizabeth , ElizabethCNBC, 934670629, 265
Allison (Alliey) Lau, AllisonJLau, 1011958842, 530
Tala Hadavi, talahadavi, 1412938958, 408
Kavitha Shastry, KavithaShastry, 1415857944, 327
Waverly Colville, wavecolville, 1928529798, 691
Jason Reginato, JasonReginato, 2598216674, 30
David Gernon, d_gernon, 2829163705, 522
Anna-Louise Jackson, ALJax7, 2962758495, 1587
Lindsey Jacobson, LindseyTweeted, 3115751876, 468
Jordan Smith, JordanCNBC, 3343813212, 111
Yelena Dzhanova, YelenaDzhanova, 4709084495, 1206
Elijah Shama, elijah_shama, 703018883196841984, 350
Rachel Pak ÏùÄÎπÑ, rachelepak, 714776189609578496, 464
jasmine wu, jaswu_, 785609689572618240, 246
Erika Matera Banoun, ErikaBanoun, 825446128418168832, 102
Ivana Pino, ivana_pino, 866578680641990656, 496
Terry King, TerryCNBC, 867799334816960512, 243
Hannah Grogan, HannahLGro, 874731323029688323, 292
Miguel Pineda, miguelapineda5, 1000008936962121728, 440
Michael Affigne, MichaelAffigne, 1083084243545321473, 95
Leart Vuciterna, leartvuch, 1141367334684307456, 70
Courtney Stith, CourtneyStith, 1143699966503862272, 2624
Alexandria White, awhite_credit, 1062765484947447810, 307
Claire Nolan, ClaireNolan_, 1052942851791831041, 79
Megan Leonhardt, Megan_Leonhardt, 845927287, 5203
Jade, jadescipioni, 634724263, 3181
Jessica Leibowitz, jssica, 43112998, 1241
Cory Lin Stieg, corystieg, 34404153, 2500
Tom Huddleston Jr., tjhuddle, 54993666, 2461
Beatriz Bajuelos, beatrizbajuelos, 86374912, 328
Taylor Locke, itstaylorlocke, 1129392064058273792, 4736
Amelia Lucas, Thxamelian, 2288930825, 1018
David@BrightLights, BrightLightsLLC, 848788172192350210, 298
Brandon Copeland, bcope51, 402483071, 6996
Noah Higgins-Dunn, higginsdunn, 1216085239, 1578
Ray Dalio, RayDalio, 62603893, 749717
LiveSquawk, LiveSquawk, 59393368, 217337
Jabari Young, JabariJYoung, 349247026, 27471
San Francisco Firefighters 798, SFFFLocal798, 1206130273, 8979
D√≠amaris Martino, DiamarisMartino, 727292520179335169, 429
Lauren Feiner, lauren_feiner, 2290255411, 3603
Sunny Kim, sunny_newsiee, 4853826831, 959
Patrick Kerney, PatrickKerney, 516459827, 4466
Jason Mandragona, jasonmandragona, 220909559, 686
Jillian Kreitzman, JilKreitzman, 3064186606, 114
Maria LaMagna Morales, MCLaMagna, 142376014, 4375
Kiersten Schmidt, SchmidtKiersten, 998032536, 666
andyroddick, andyroddick, 13838562, 1463464
Janet Alvarez, janetonthemoney, 1088921458795900928, 2055
The Penny Hoarder, thepennyhoarder, 108701392, 226428
Credit Karma, creditkarma, 18803987, 44472
Vice President Mike Pence Archived, VP45, 818910970567344128, 10060255
SHAQ, SHAQ, 17461978, 15537411
Kelly Evans, KellyCNBC, 1164674447506386944, 24430
Annie Palmer, annierpalmer, 64247856, 2886
Ninja Warrior, ninjawarrior, 62635884, 105516
Katie Koontz, katherinekoontz, 2816617661, 244
Kathryn Lurie, kathrynlurie, 16101930, 3066
Paul R. La Monica, LaMonicaBuzz, 104952689, 49211
julie k. brown, jkbjournalist, 24752038, 227752
Ric Edelman, ricedelman, 16134476, 19036
Riya, loislane28, 23173979, 7221
Jordan Rodgers, JRodgers11, 168317678, 185846
JoJo Fletcher, JoelleFletcher, 423723318, 391267
Michael Wayland, MikeWayland, 160593724, 5143
Maggie Kate Fitzgerald, mkmfitzgerald, 2965318857, 3999
Meg Ely, Mcely, 28602062, 3885
Aly Ellis, alyellis, 37013975, 3450
Catherine Taibi, cathtaibi, 732961117, 2611
Niketa Patel, Niketa, 17539413, 16957
Fast Company, FastCompany, 2735591, 2344014
CoinDesk, CoinDesk, 1333467482, 2365178
Forbes Crypto, ForbesCrypto, 902282851499917312, 406729
Bloomberg Crypto, crypto, 928759224599040001, 733799
Suzy Welch, SuzyWelch, 19307505, 41351
Mark Cuban, mcuban, 16228398, 8571254
Rahel Solomon, RahelCNBC, 179220228, 9925
Know Your Value, KnowYourValue, 817030635458011136, 16453
Mika Brzezinski, morningmika, 18227519, 1068704
Asian American Journalists Association est. 1981, aaja, 14602589, 27040
David Novak, DavidNovakOGO, 737989529827704832, 41862
Will Feuer, WillFOIA, 874611477658836992, 2696
Natalie Zhang, nat_zhang, 2564541718, 510
Arun Sundararajan, digitalarun, 134908142, 20347
Mark Warner, MarkWarner, 7429102, 493212
Gary Vaynerchuk, garyvee, 5768872, 2648665
Jessica Bursztynsky, jbursz, 120490323, 2734
Jennifer Elias, jenn_elias, 133196669, 6423
Twitter Business, TwitterBusiness, 121291606, 1268734
John Salley, thejohnsalley, 36361155, 46513
Politics Insider, PoliticsInsider, 242374336, 48042
Reuters Politics, ReutersPolitics, 25562002, 281798
Bloomberg Politics, bpolitics, 564111558, 344667
NYT Politics, nytpolitics, 14434063, 514657
AP Politics, AP_Politics, 426802833, 562263
NBC Politics, NBCPolitics, 11856032, 643903
ABC News Politics, ABCPolitics, 16815644, 1014973
Charlotte Morabito, MorabitoCM, 3378469810, 990
NBC Latino, NBCLatino, 377949581, 83432
Deepak Chopra, DeepakChopra, 15588657, 3205994
Annie Nova, AnnieReporter, 767532127399317505, 2779
Grow, Grow_mag, 4559207654, 12637
Akbar Gbajabiamila, Akbar_Gbaja, 91508945, 63091
Meg Graham, megancgraham, 167002743, 11364
Latinx Now! Style +, LatinxNowStyle, 199813176, 16074
hoy D√≠a, hoydia, 41820310, 499069
Spencer Kimball, spencekimball, 47417752, 323
George to the Rescue, george2rescue, 189253727, 3941
Oz Pearlman, OzTheMentalist, 3293145485, 14101
Andy Hill, AndyHillMKM, 768381934351192066, 4906
Steve Odland, SteveOdland, 463335396, 414
Lisa Chastain, Lisa_Chastain4, 798283638940934144, 180
Dave Barry, rayadverb, 25295123, 64368
Riley de Le√≥n, RileyCNBC, 19909797, 4769
Karen Finerman, karenfinerman, 851544830, 86314
Glamour, glamourmag, 19247844, 1313034
Sheila Bair, SheilaBair2013, 1618986259, 13596
Samantha Barry, samanthabarry, 22641165, 24524
Billy J Hensley, DrBillyHensley, 550421619, 585
Mark Teixeira, teixeiramark25, 273483641, 317996
Annamaria Lusardi, Dr_AnnaLusardi, 373430724, 10410
Walter Isaacson, WalterIsaacson, 34719119, 131830
Jean Chatzky, JeanChatzky, 18452614, 63242
Shop at NBC Studios, TheShopAtNBC, 36681267, 11230
Acorns, acorns, 606806109, 78386
Bank Policy Institute, bankpolicy, 97239626, 10046
Kevin Breuninger, KevinWilliamB, 2961187389, 1228
kif, kifleswing, 167048236, 7942
Emma Newburger, emma_newburger, 875741489040678912, 2822
Comcast Ventures, ComcastVentures, 384461750, 6701
Jordan Novet, jordannovet, 1071350252, 16745
WSJ Business News, WSJbusiness, 28140646, 1648637
CNN, CNN, 759251, 55472440
The New York Times, nytimes, 807095, 51072322
BBC Business, BBCBusiness, 621523, 2005464
The Points Guy, thepointsguy, 34176543, 370383
Glenn Greenwald, ggreenwald, 16076032, 1738473
Rachel Maddow MSNBC, maddow, 16129920, 10579098
Paul Krugman, paulkrugman, 17006157, 4620846
Bill de Blasio, BilldeBlasio, 476193064, 221909
WNYC üéô, WNYC, 6576492, 194316
VICE, VICE, 23818581, 2040455
Mike Bloomberg, MikeBloomberg, 16581604, 2700951
NYC Mayor's Office, NYCMayorsOffice, 55338739, 999680
Mayor Bill de Blasio, NYCMayor, 19834403, 1524761
City of New York, nycgov, 250884927, 1337220
Gothamist, Gothamist, 810424, 948938
David Wessel, davidmwessel, 36047098, 86241
Joseph Stiglitz [Fan Account], stiglitzian, 111416652, 228808
CNN Breaking News, cnnbrk, 428333, 61688311
WSJ Noted., wsjnoted, 23484039, 361558
Businessweek, BW, 67358777, 1933802
TheStreet, TheStreet, 15281391, 813513
Reuters, Reuters, 1652541, 24044260
Yahoo Finance, YahooFinance, 19546277, 1253709
New York Fed, NewYorkFed, 15072071, 179989
Treasury Department, USTreasury, 120176950, 967329
Nasdaq, Nasdaq, 18639734, 697192
PIMCO, PIMCO, 27707080, 253024
Lloyd Blankfein, lloydblankfein, 313381067, 152243
Economic Times, EconomicTimes, 39743812, 4073026
Federal Reserve, federalreserve, 26538229, 803894
Fidelity Investments, Fidelity, 65174274, 313959
Vanguard, Vanguard_Group, 61875147, 331801
Morgan Stanley, MorganStanley, 426159377, 621867
Ben Bernanke, benbernanke, 51205137, 110995
BlackRock, BlackRock, 23756134, 469255
Money, Money, 205789121, 409866
NBCBLK, NBCBLK, 2910022539, 64852
Soledad O'Brien, soledadobrien, 26548315, 1348982
The Telegraph, Telegraph, 16343974, 3122464
Sky News, SkyNews, 7587032, 7389086
NYT Business, nytimesbusiness, 1754641, 828291
Steve Lewis, slewistv, 140099337, 646
BBC News (UK), BBCNews, 612473, 12927683
Ashley Turner, Ashley_MTurner, 733392230598201344, 560
Financial Times, FinancialTimes, 4898091, 7051604
Barron's, barronsonline, 20449296, 206064
Michael Considine, MichaelConsidi6, 2348914117, 1030
Stevie Young, SYoungLopez, 864991442, 707
Natasha Turak, NatashaTurak, 1025522203, 5787
Chery Kang, cherykang, 122272123, 4739
Laura Batchelor, ltbatch, 26670582, 545
Jeff Daniels, JeffDanielsCA, 24332864, 1369
AP Business News, APBusiness, 3066084185, 61022
BuzzFeed News, BuzzFeedNews, 1020058453, 1391139
World News Tonight, ABCWorldNews, 86141342, 1538523
Maria Boden, MariaJBoden, 3369140915, 348
Karen Gilchrist, _karengilchrist, 574062857, 3084
NBC News World, NBCNewsWorld, 11855772, 296224
Mashable, mashable, 972651, 9462887
WIRED, WIRED, 1344951, 10257170
Nate Silver, NateSilver538, 16017475, 3582259
BBC Breaking News, BBCBreaking, 5402612, 48522547
Business Insider, BusinessInsider, 20562637, 3525604
valerie block, ValerieBlock, 398272947, 1366
TechCrunch, TechCrunch, 816653, 10164804
FiveThirtyEight, FiveThirtyEight, 2303751216, 1330270
The New Yorker, NewYorker, 14677919, 8987325
Tyler Clifford, _TylerTheTyler_, 171195414, 3717
Lizzy Gurdus, lizzygurdus, 3593255608, 1843
Financial Times, FT, 18949452, 4784442
FORTUNE, FortuneMagazine, 25053299, 2282206
Los Angeles Times, latimes, 16664681, 3834138
Jim Acosta, Acosta, 22771961, 2312289
The Guardian, guardian, 87818409, 10035595
Vox, voxdotcom, 2347049341, 1030338
New York Magazine, NYMag, 45564482, 1801996
Sal Rodriguez üï∑, sal19, 21983925, 13156
Nick Turner, NewsyNick, 11830332, 7850
Barry Ritholtz, ritholtz, 49753604, 191305
The Associated Press, AP, 51241574, 15387111
HuffPost, HuffPost, 14511951, 11351670
David Gura, davidgura, 14888467, 114285
VANITY FAIR, VanityFair, 15279429, 4805096
TIME, TIME, 14293310, 18434619
Salon, Salon, 16955991, 965905
NPR, NPR, 5392522, 8813350
Brian Stelter, brianstelter, 14515799, 785650
Brandon Gomez, bgomezreports, 29109759, 1007
The Atlantic, TheAtlantic, 35773039, 2120606
Lawrence McDonald, Convertbond, 25163231, 78914
Joumanna Bercetche üá±üáß, CNBCJou, 370807603, 26951
Ben White, morningmoneyben, 135575282, 117661
WSJ What's News, WhatsNewsWSJ, 28337697, 89309
Slate, Slate, 15164565, 1773725
Quartz, qz, 573918122, 386155
Maggie Haberman, maggieNYT, 93069110, 1703627
Axios, axios, 800707492346925056, 602473
CNN Politics, CNNPolitics, 13850422, 4233702
BuzzFeed, BuzzFeed, 5695632, 6326423
POLITICO, politico, 9300262, 4539558
The Economist, TheEconomist, 5988062, 26042453
zerohedge, zerohedge, 18856867, 1147726
CNBC Catalyst, CNBCCatalyst, 701814706114338816, 3169
Sustainable Energy, CNBCEnergy, 266664252, 39602
reddit AMA, reddit_AMA, 524487620, 59274
Dan Colarusso, Colarusso42, 14780660, 6153
Jackie Taurianen, yackyjackie123, 126974017, 1001
Dawn Kopecki, Dawn_Kopecki, 17712324, 8198
Heidi Heitkamp, HeidiHeitkamp, 460376288, 32873
CNN Business, CNNBusiness, 16184358, 1873912
Yun Li, YunLi626, 2975103519, 8420
CNBC's ETF Edge, ETFEdgeCNBC, 183367527, 12367
Amanda Macias, amanda_m_macias, 469545897, 7947
Kate Rooney, Kr00ney, 60204807, 34161
Ethan Kraft, ethan_kraft, 18522489, 1382
Deal or No Deal, DealNoDealCNBC, 931230082365923328, 13732
Barbara Corcoran, BarbaraCorcoran, 36728196, 738562
Dr. Mehmet Oz, DrOz, 38531995, 3885306
East Tech West, EastTechWest, 1037702509811429378, 514
angelicalavito, angelicalavito, 550112968, 5454
Reid Hoffman, reidhoffman, 10078, 613294
J.R. Reed, JRReed, 524823945, 1247
Daniel Roth, danroth, 14251443, 16979
Kate Fazzini, KateFazzini, 837420710461046785, 2781
han, thehannahgold, 108798474, 941
Jim VandeHei, JimVandeHei, 244212645, 48322
Frank Holland, MBA, FrankCNBC, 4618597162, 7070
Google, Google, 20536157, 24070085
Jeff Weiner, jeffweiner, 20348377, 587749
Cond√© Nast Traveler, CNTraveler, 17219108, 3180802
Ryan Browne, Ryan_Browne_, 283616655, 8434
Mike Allen, mikeallen, 14246001, 404242
Hugh Son, Hugh_Son, 946147015, 7963
Scott Galloway, profgalloway, 9273802, 425415
Reuters Business, ReutersBiz, 15110357, 2292501
WSJ Markets, WSJmarkets, 28164923, 727669
MarketWatch, MarketWatch, 624413, 4163659
CNN International, cnni, 2097571, 12911753
The Washington Post, washingtonpost, 2467791, 18494583
USA TODAY, USATODAY, 15754281, 4493335
Bloomberg Markets, markets, 69620713, 1089515
Bloomberg TV, BloombergTV, 35002876, 630817
Steve Kovach, stevekovach, 17198424, 32741
Luke's Lobster, LukesLobster, 70491524, 17327
Consumer Reports, ConsumerReports, 16193528, 251586
Chris Paul, CP3, 53853197, 8398378
chrissy teigen, chrissyteigen, 39364684, 13379031
Joe Weisenthal, TheStalwart, 14096763, 294751
Christina Farr, chrissyfarr, 211583400, 71731
LinkedIn News, LinkedInNews, 226348151, 115721
Sidney Torres, SidneyDTorresIV, 738423735149957120, 32444
The Wharton School, Wharton, 7717612, 303251
Barbara Kahn, barbarakahn, 42449911, 9517
Lawrence H. Summers, LHSummers, 236526490, 180949
Mohamed A. El-Erian, elerianm, 332617373, 426780
Patrick Manning, PatrickDManning, 357031575, 2083
NerdWallet, NerdWallet, 31158841, 69064
Ndamukong Suh, NdamukongSuh, 110485995, 632757
Chamath Palihapitiya, chamath, 3291691, 1554652
Sree Sreenivasan, sree, 14328066, 83659
Brian Schwartz, schwartzbCNBC, 1340997858, 13559
Antonio Jos√© Vielma, aj_vielma, 595024629, 1130
Intel, intel, 2803191, 4870021
United Technologies, UTC, 6717192, 44532
The Home Depot, HomeDepot, 14791918, 414990
CaterpillarInc, CaterpillarInc, 15101714, 140898
Cisco, Cisco, 15749983, 723940
Walmart, Walmart, 17137891, 1273579
Travelers, Travelers, 17640219, 65414
IBM, IBM, 18994444, 657415
Johnson & Johnson, JNJNews, 20457806, 243576
Chevron, Chevron, 21021891, 374333
The Coca-Cola Co., CocaColaCo, 23482357, 1196243
The Boeing Company, Boeing, 25103967, 623105
Procter & Gamble, ProcterGamble, 27025414, 219196
Merck, Merck, 35961145, 218150
ExxonMobil, exxonmobil, 36665547, 327264
American Express, AmericanExpress, 42712551, 851181
Pfizer Inc., pfizer, 56488059, 469888
Verizon, Verizon, 59889953, 1655096
Disney, Disney, 67418441, 8141501
McDonald‚Äôs, McDonalds, 71026122, 4383085
Microsoft, Microsoft, 74286565, 9942818
3M News + Public Policy, 3MNews, 150740603, 209413
Goldman Sachs, GoldmanSachs, 253167239, 891818
General Electric, generalelectric, 267399199, 447169
Chase, Chase, 274673392, 389470
Apple, Apple, 380749300, 7256136
UnitedHealthcare, UHC, 397462571, 55898
Nike, Nike, 415859364, 8865359
Visa, Visa, 551373363, 397278
J.P. Morgan, jpmorgan, 1155522630, 617337
AdventureCapitalists, AdventureCNBC, 884789255494672384, 605
Blue Collar on CNBC, BlueCollarCNBC, 3253895028, 698
Secret Lives of the Super Rich, CNBCSuperRich, 1655455008, 7718
The Deed: Chicago, TheDeedChicago, 827270533683122177, 834
The Deed, thedeedcnbc, 799019144490471435, 6488
Christina Wilkie, christinawilkie, 15359578, 119820
Andrew Evers, andevers6, 23696919, 435
Uptin, uptin, 25107515, 4500
Lora Kolodny, lorakolodny, 27046692, 33381
Tucker Higgins, tuckerhiggins, 29133850, 2485
Berkeley Lovelace, BerkeleyJr, 42782695, 5617
Leah Ginsberg, lginzy, 60702515, 1007
Jessi Joseph, JessiJoseph1, 85424566, 599
Susie Gharib, susiegharib, 178924925, 3064
Joe Kernen, JoeSquawk, 553036368, 170923
Josephine Bila, JosephineBila, 603572087, 1112
Paayal Zaveri, paayalzaveri, 793033082, 2504
Michael Sheetz, thesheetztweetz, 1231406720, 106851
Brianna Bernath, briannabernath, 1496693894, 553
Lauren Hirsch, LaurenSHirsch, 2362947746, 6899
Pippa Stevens, PippaStevens13, 2814061220, 5738
Lorie Konish, LorieKonish, 41392350, 5818
Leslie Josephs, lesliejosephs, 552725668, 8312
Sarah O'Brien, sarahtgobrien, 2924373462, 3034
Tom Franck, tomwfranck, 3071918586, 2390
Liz Moyer, LizMoyer, 20687745, 3443
Terri Cullen, TerriCullenCNBC, 1485281053, 150
Rosy Ngo, rosyngo, 178098376, 242
Ken Kiesnoski, kkiesnoski, 602178966, 322
Jeffrey C. McCracken, JCMcCracken, 829442994, 7217
Rick Levinson, shortingwallst, 3535195997, 479
Crystal Mercedes, cmariemercedes, 747427795, 199
barbara booth, bjbooth2, 4515535096, 336
Marguerite Ward, ForWardist, 52953771, 3893
Benjamin Snyder, WriterSnyder, 160659660, 4225
Nathan Skid, NateSkid, 249232904, 1288
Emmie Martin, emmiemartin, 262886792, 3367
Andrea Kramar, AndreaKsWorld, 917834809, 298
Abigail Johnson "AJ" Hess, AbigailJHess, 1163230333, 2750
Jenna Goudreau, Jenna_Goudreau, 106753671, 21244
Courtney, ClassicalyCourt, 168745130, 3941
Shawn M. Carter, shawncarterm, 112072679, 1229
Yoni Blumberg, YoniBlum, 880210413480181760, 380
Jillian D'Onfro, jillianiles, 109589477, 9609
Erin Black, eBlackEdits, 285881305, 367
Magdalena Petrova, mpetrova92, 802866114, 465
Sara Salinas, saracsalinas, 2194975974, 1616
Aditi Roy, AditiRoy, 322565463, 6445
Contessa Brewer, contessabrewer, 16456599, 32340
Alex Sherman, sherman4949, 153495347, 13923
Lazetta Rainey Braxton, MBA, CFP¬Æ, lazettabraxton, 2187330690, 3732
BluOceanGlobalWealth, BlueOceanGW, 2151962246, 51341
Ron Carson (he/him), rchusker, 1952364368, 5467
Rianka R. Dorsainvil, CFP¬Æ, Rianka_D, 518730047, 3857
Shannon Eusey, seusey, 501068261, 350
Francis Financial, FrancisFinance, 386183480, 1658
Sophia Bera, CFP¬Æ, sophiabera, 365022169, 10516
Zaneilia Harris CFP¬Æ, hhwealth, 348864647, 2347
üü£ #WinnieSun ¬Æ ‚òÄÔ∏è, winniesun, 284241195, 330756
Ivory Johnson, Ivory_Johnson, 245904178, 459
Douglas A. Boneparth, dougboneparth, 158049457, 154654
Tim Maurer, TimMaurer, 94625872, 6987
Barry Glassman, BarryGlassman, 38526392, 2078
Carolyn McClanahan, CarolynMcC, 23199122, 14793
Ted Jenkin, TedJenkin, 19404284, 5233
Get Vaccinated - Register to Vote - Go Noles, diahannlassus, 18954233, 2343
Louis Barajas, louisbarajas, 16884138, 7695
Jeff Rose, CFP¬Æ, jjeffrose, 16755855, 31960
Cathy Curtis, cathycurtis, 16092398, 11337
Elon Musk, elonmusk, 44196397, 65131912
Leslie Picker, LesliePicker, 87098546, 27634
Todd Haselton, robotodd, 6351242, 8152
Xin En Lee, entinomy, 102452225, 888
John Legere, JohnLegere, 1394399438, 6017910
Downtown Josh Brown, Downtown, 22522178, 1126769
Flipboard, Flipboard, 114870386, 477355
The Wall Street Journal, WSJ, 3108351, 19242419
Forbes, Forbes, 91478624, 17273217
Bloomberg, business, 34713362, 7722171
Dateline NBC, DatelineNBC, 11856932, 452921
Kamelia Angelova, kangelova, 289338212, 293
Christie Daley, daleydata, 956251232124981253, 16
Atul Gawande, Atul_Gawande, 233364902, 391824
Hugh Evans, Hughcevans, 20708202, 38959
Tina Brown, TinaBrownLM, 121208305, 97360
Yo-Yo Ma, YoYo_Ma, 2740821001, 186204
Christine Lagarde, Lagarde, 304909941, 711100
Everic White, Jr., EvWasLike, 21843820, 1074
Vooch, therealvooch, 103721606, 164
Laura Edwins ‚òï, lauraedwins, 185684767, 1604
Seth Harris, sethjharris, 952220162, 303
Joe Terranova, terranovajoe, 28445389, 88431
Scott Zamost, scottzamost, 214296704, 3031
Jeniece Pettitt, Jeniecep, 19030578, 1412
Lauren Thomas, laurenthomas, 45726250, 19076
Matt Rosoff, MattRosoff, 14577594, 16467
Sohn Conference Foundation, SohnConf, 1219989025, 4867
The Sohn Idea Contest, SohnIdeaContest, 826179894476304386, 35775
Ylan Q. Mui, ylanmui, 21802625, 23133
Dow 20K bot, BigCrunchBot, 812342441915326465, 90
Jordan Santo, JordanSantoTV, 2791219198, 271
Bria Cousins, CNBCBria, 607549612, 635
Ester Bloom, shorterstory, 15396464, 4527
Ritika Shah, RitikaTShah, 552935039, 2719
Alex Rosenberg, AcesRose, 308122184, 3912
Anita Balakrishnan, MsABalakrishnan, 1333013496, 4286
Sameepa Shetty, sameepa, 52029429, 2947
Darla Mercado, CFP¬Æ üáµüá∑üáµüá™, Darla_Mercado, 56539097, 8748
Dawn Kissi, dawnkissi, 64258812, 1599
Catherine Clifford, CatClifford, 424320811, 21970
Kathleen Elkins, kathleen_elk, 2911660275, 4528
NBC News Business, NBCNewsBusiness, 11856142, 357937
Wilfred Frost, WilfredFrost, 363561760, 25309
Jay Leno, jayleno, 35859588, 601786
Gil Prather, GilPrather, 3252973741, 2297
Butch Gilliam, Just_Butch_, 3374677797, 3455
Rooster McConaughey, Just_Rooster, 3230215760, 5009
West Texas Investors, WTexasInvestors, 3343025069, 9327
Cleveland Hustles, ClevelandCNBC, 4879021959, 5818
NBC Out, NBCOUT, 3331875599, 34638
Vin Caruso, VinCaruso92, 117105809, 833
tae kim, firstadopter, 16598957, 47920
Jessica Dickler, jdickler, 27008664, 4192
meg, TothsTweets, 65034521, 2265
Jay Yarow, jyarow, 16370204, 28909
Tilman Fertitta, TilmanJFertitta, 1935087769, 102183
Christine Wang, christiiineeee, 44994710, 2004
Huileng Tan ÈôàÊÖßÁé≤, huileng_tan, 23042224, 1199
Neelabh Chaturvedi, TweeterVedi, 519938294, 643
Saheli Roy Choudhury, sahelirc, 381946958, 1757
Emily Chan Tan, EmilyCNBC, 2922119502, 2827
Dan Murphy, dan_murphy, 27547277, 10480
David Reid, davyreid73, 32310248, 1176
Luke Graham, LukeWGraham, 477003359, 2310
Nancy Hungerford, NHHungerford, 23805402, 5751
Phil Han, MrPhilHan, 123633259, 3028
Alex Gibbs, AlexGibbsy, 584937149, 1273
Seamus Conwell, SeamusConwell, 237778292, 3044
Phillip Tutt, phillt, 18248337, 430
Steve Sedgwick, steve_sedgwick, 3029055411, 5807
Billion Dollar Buyer, BillionDollarTV, 4914980757, 12300
Follow The Leader, FollowLeaderTV, 4920949216, 1804
Restaurant Startup, RestStartup, 2591576904, 5916
Elisa Bellcishta, elisabellcishta, 297448940, 4396
Geoff Cutmore, GeoffCutmore, 4655787261, 4897
#PowerPitch, CNBCPowerPitch, 1427850554, 1701
Lyanne Alfaro, LyanneAlfaro, 30106623, 1947
Amanda Diaz, AmandaDiaz, 45866144, 2748
Cristy Garratt, CristyGarratt, 73758044, 2493
CNBC's On The Money, OnTheMoney, 16451013, 24392
Abigail Stevenson, A_StevensonCNBC, 2797026411, 1585
Daymond John, TheSharkDaymond, 16225240, 692203
Kelly Russell, kellarussell, 957614977, 2338
Jackie Dessel, JackieDessel, 399226870, 278
Kirsten Chang, kirstenchang16, 173696011, 720
American Greed, AmericanGreedTV, 410244209, 27932
Jay Leno's Garage, LenosGarage, 133420513, 123649
Morgan Brasfield, MorganBrasfield, 3073461547, 318
Marc Gilbert, marfgilbert, 36526751, 1285
Robert Ferris, RobertoFerris, 399139328, 1224
Fred Imbert, foimbert, 278622358, 4334
The Big Crunch, CNBCBigCrunch, 3308450433, 413
Nick Wells, wellsangels, 129704468, 835
Trading Nation, TradingNation, 1278852289, 46914
dennis o'brien, OBrienTV, 48382717, 702
Michelle Castillo, MishCastillo, 22225000, 6381
Sophie Bearman, stbearman, 979613208, 2512
Karissa Giuliano, KarissaGiuliano, 66704296, 892
David Spiegel, dwspiegel, 461393290, 943
Jeff Morganteen, jmorganteen, 10575532, 928
Viktor Cea, viktorcea, 14434055, 195
Michael Senzon üì∫, msenzon, 16261552, 2163
kgorillaz, kgorillaz1, 16657230, 794
Power Lunch, PowerLunch, 25360971, 54881
Dan Mangan, _DanMangan, 29228904, 4285
John W. Schoen, johnwschoen, 38732661, 1429
Marty Steinberg, RomanzaMusic, 39308926, 573
Tom DiChristopher, tdichristopher, 47354221, 2639
Catherina Centanni, microsaurus, 97268671, 232
sandy cannold, SandyCannold, 100351634, 5351
Morgan Brennan, MorganLBrennan, 120242824, 41664
Michelle Fox, MFoxCNBC, 129932176, 1705
Evelyn Cheng, chengevelyn, 255659267, 7392
Dawn Giel, DawnGiel, 703314121, 1060
Liza Tan, Liz4Tan, 1248794132, 699
christina scolaro, christinascolar, 1329543583, 648
Lori Ioannou, LoriIoannou1, 1389784086, 1113
Jonathan Meyers, jonathanemeyers, 184505595, 661
Jacob Pramuk, jacobpramuk, 75171057, 2662
Kate Rogers, katerogers, 596792665, 17732
Steve Kopack, SteveKopack, 15065434, 34294
Jarrett Bellini, JarrettBellini, 16246911, 42164
Mary Stevens, misstevens, 43463230, 908
Sarah Whitten, sarahwhit10, 2185766400, 4739
Landon Dowdy, LandonDowdyCNBC, 2714709254, 3554
Matthew Cuddy, mattcuddy, 155942810, 429
Stephanie Dhue, StephanieDhue, 21660877, 2407
Pat Anastasi, PAnastasi, 28142795, 449
Pauline Chiou, PaulineChiou, 35094823, 10878
CNBC's The Profit, TheProfitCNBC, 2800292898, 138872
Cara Caruso, CaraCaruso, 32413788, 1114
Squawk Box Europe, SquawkBoxEurope, 292758442, 12028
Ari Levy, levynews, 140872924, 24884
John Casey, JohnCaseyCNBC, 2601834625, 325
Betsy Spring, springbetsy, 16479174, 899
Ted Kemp, TedKempCNBC, 1578547386, 1616
nyshka chandran, nyshkac, 1406739829, 1970
Katie Holliday, hollidaykatie, 266594778, 1053
Ansuya Harjani, Ansuya_H, 632746363, 1017
Arjun Kharpal, ArjunKharpal, 285051289, 14066
Jenny Cosgrave, jenny_cosgrave, 377926713, 1621
Hadley Gamble, _HadleyGamble, 1688868080, 68629
Christine Tan, ChristineCNBC, 1923411518, 5138
Julia Chatterley, jchatterleyCNN, 497262990, 90360
Martin Soong, MartinSoong, 1461027876, 5337
Adam Bakhtiar, AdamBakhtiarTV, 1616874247, 3390
NBR, bizrpt, 13159032, 10401
TechCheck, CNBCTechCheck, 562995991, 35168
Meg Tirrell, megtirrell, 47678782, 98883
Matt Hunter, MattMHunter, 1050597344, 1596
Leanne Miller, LeanneBMiller, 21868272, 1527
Jim üò∑ Pavia, jimpavia, 65127962, 7642
Jim Forkin, jimforkincnbc, 119519975, 650
Kristin Cwalinski, Kris10Cwalinski, 19351024, 2699
Recode, Recode, 2244340904, 376296
CNBC's Closing Bell, CNBCClosingBell, 21778391, 144017
Kevin O'Leary aka Mr. Wonderful, kevinolearytv, 32002507, 840862
Sara Eisen, SaraEisen, 39879120, 133814
EB, typingelbow, 8207402, 1777
Betsy Alexander, AlexanderBetsy, 413673958, 379
Kelli B. Grant, CFP¬Æ, kelligrant, 17136568, 13749
Marcus Lemonis, marcuslemonis, 27801361, 591096
Everett Rosenfeld, Ev_Rosenfeld, 260904398, 1992
Tania Bryer, TaniaBryer, 294149323, 8999
Steve Desaulniers, steve_desaul, 26922371, 857
Dominic Chu, TheDomino, 37718217, 61639
Brad Quick, bquick83, 21870056, 925
Andrea Day, AndreaDay, 20656554, 1658
Karen Tso, cnbcKaren, 34212654, 13750
Katrina Bishop, KatrinaBishop, 17537434, 1974
Terri Cullen, TerriCullen1966, 19363357, 141
Matthew Greco, MGreco27, 22921063, 643
Jeannine Lavin, jeanninelavin, 24402238, 189
Brian Beers, brian_beers, 40945243, 908
Cindy Perman, CindyPerman, 44462693, 2146
Lacy OToole, lacyotoole, 61563843, 879
Deep Bagchee, DeepBagchee, 64841220, 1658
Alexandra Privitera, aliprivitera, 67326853, 702
Anthony Volastro, VolastroCNBC, 71034251, 1020
Jackie O, oOJackieOo7, 89738839, 359
Crystal Lau, crystalxlau, 121602651, 3265
Mike Newberg, mikenewberg, 153561471, 1972
Katie Kramer, Kramer_Katie, 158091731, 2295
Paul McNamara, paulmcnamara94, 190472557, 667
Karen James Sloan, Kj_Sloan, 194674853, 825
Leonie Kidd, leoniekidd, 258741673, 561
Deirdre Bosa, dee_bosa, 272317020, 33782
Adam Jeffery, ajefferyphoto, 299865528, 284
Lucy Johnstone, lucyehjohnstone, 310296074, 141
Rebecca White Steckelman, becksteck, 314530954, 1091
Jeff Nash, JeffNash3, 367815625, 2481
Matthew J. Belvedere, Matt_Belvedere, 368348409, 1895
KATIE YOUNG, katiecnbc, 518591741, 1395
Charlotte Reed, cnbccharlotte, 613545249, 1017
Lisa Villalobos, LisaMVillalobos, 633362990, 4690
Brad Rubin, NYSEguyBrad, 726972134, 1405
Holly Ellyatt, HollyEllyatt, 754848932, 2218
Bernard Lo, bernielotv, 1129829874, 4206
Althea Chang-Cook, thealtheachang, 40934973, 1432
Allie Bell, alliemcbell, 19326309, 1580
Matt Clinch, mattclinch81, 20731016, 1803
CNBC Disruptors, CNBCDisruptors, 1400717330, 9778
Melissa Lee, MelissaLeeCNBC, 1347071545, 175011
Ben Thompson, BenThompson00, 25146084, 1122
@BigDataDownload, BigDataDownload, 1329527066, 2019
Elizabeth Schulze, eschulze, 252747758, 7702
Josh Lipton, CNBCJosh, 468703129, 11668
Javier E. David, TeflonGeek, 1131634638, 4151
Giovanny Moreano, GiovannyMoreano, 451466991, 3222
Michael Santoli, michaelsantoli, 898301664, 80403
jodi gralnick, jodigralnick, 370238655, 3044
CNBCBrewNewsman, CNBCBeerNews, 937788534, 6832
Eunice Yoon, onlyyoontv, 37397428, 66955
CNBC Futures Outlook, FuturesOutlook, 843706801, 38987
Shannan Siemens, ShannanSiemens, 163566509, 5352
Silvana, Seelvuhna, 250445299, 1278
Robert Frank, robtfrank, 54979079, 16911
Harriet Taylor, Harri8t, 17163064, 4689
Donna Burton, DonnaBurton, 21787532, 3237
Erin Barry Stefanski, erincstefanski, 122239170, 1646
Joanna Weinstein, jmwein01, 39888522, 1106
Katie Slaman, katieslaman, 24435284, 1565
Hampton Pearson, HamptonCNBC, 769996213, 946
CNBC Investigative, CNBCinvestigate, 384978732, 1856
todd bonin, toddbonin, 260367515, 1533
BD, BeeDiddee, 253522565, 719
Deborah Findling, dfindles, 28319725, 2998
Stef Kratter, StefKratter, 478200547, 1599
Jason Gewirtz, jasongewirtz, 260345738, 716
Ting Wang, TingWang8, 568353057, 1478
Delivering Alpha, DeliveringAlpha, 587814366, 11822
Amanda Lasky, AmandaWeindel, 398075067, 2414
Silvana Henao, SilvanaCNBC, 628765143, 831
MSNBC, MSNBC, 2836421, 4429153
Peter Schacknow, peterschack, 55840804, 4248
Jennifer Schlesinger, jennyanne211, 185854466, 1349
Andrew Eagan, AndrewEagan, 95709555, 621
George Manessis, GSManessis, 346605206, 427
Tim Dewald, TimDewald, 20272382, 668
kate kohlbrenner, katekohlbrenner, 168272243, 1088
KateFarrell, katelwelsh, 358325582, 559
Robert Contino, robcontino, 112682238, 1204
Anne Tironi, AnneTironi, 111012372, 89
katie iacovella, kiacovella, 301230029, 1561
Krista Braun, KBin140, 210910437, 1004
Patricia Martell, PatriciaMartell, 19634351, 2608
Kevin Flynn, FlynnCNBC, 21244029, 2066
Kerima Greene, KerimaGreene, 312329858, 2260
Telemundo, Telemundo, 22952132, 3013114
Robert Hum, HumOnTheMarkets, 602386160, 5554
Bree Doyle, bree_kelly, 45878767, 1930
Matthew Taylor, MattCNBC, 579446082, 4174
CNBC Africa, cnbcafrica, 57339160, 263396
Ray Parisi, RayAParisi, 20049864, 1307
Options Action, OptionsAction, 326315947, 100327
Matthew Quayle, matthew_quayle, 369065376, 3747
Louisa Bojesen, louisabojesen, 57947388, 15769
Seema Mody, seemacnbc, 61292961, 49168
Dean Meelarp, dmeelarp, 250126729, 287
JeeYeon Park, jeeyeoncp, 351874371, 1661
Regina Gilgan, ReginaGilgan, 145873325, 2242
Andrew Rafferty, AndrewRafferty, 24464743, 16038
Tom Rotunno, TomRotunno, 17493949, 2186
CNBC Halftime Report, HalftimeReport, 234905402, 80355
NBCUniversal, NBCUniversal, 93673287, 40459
Amy Pack, amympack, 159474683, 1436
Maneet Ahuja, WallStManeet, 57978111, 17563
Sally Shin, sallyshin, 23131068, 13095
CNBC Make It, CNBCMakeIt, 514513113, 71833
CNBC Events, cnbcevents, 422293154, 26136
Steve Fastook, Sfastookcnbc, 503692492, 145
Jess Golden, JGolden5, 144994167, 4580
CNBC Media Sales, CNBCmediasales, 306572739, 1149
Mary Catherine, mcwellons, 19664650, 10602
The News with Shepard Smith, thenewsoncnbc, 366629301, 74781
NBC Olympics, NBCOlympics, 14955353, 1099108
John Melloy, JohnMelloy, 389551062, 12828
Bill Griffeth, BillGriffeth, 354948782, 33261
Squawk Box, SquawkCNBC, 404422077, 340757
CNBC Politics, CNBCPolitics, 381724050, 19694
Sandy Maltzman, sandymaltzman, 349177459, 2641
Steve Liesman, steveliesman, 384445331, 150162
Kara Swisher, karaswisher, 5763262, 1439770
Golf Channel, GolfChannel, 28349128, 961699
NBC Sports EDGE Betting, NBCSportsBet, 17866834, 286607
Ryan Ruggiero, RyanRuggiero, 21147846, 9329
Courtney Reagan, CourtReagan, 160983113, 55332
Brian Sullivan, SullyCNBC, 24443284, 93531
The Weather Channel, weatherchannel, 20998647, 3949945
Scott Wapner, ScottWapnerCNBC, 263197731, 205237
CNBC Opinion, CNBCopinion, 263936580, 24590
Brian Shactman, bshactman, 247323151, 11220
CNBC PR, CNBCPR, 259739601, 2630
John Harwood, JohnJHarwood, 259395895, 481111
Brian W Steel, BrianWSteel, 186164063, 1955
Eamon Javers, EamonJavers, 257661436, 69108
Jackie DeAngelis, JackieDeAngelis, 147409568, 24618
CNBC Pro, CNBCPro, 36992781, 23612
Kelly O'Donnell, KellyO, 224320485, 324759
Christina Cheddar Berk, ccheddarberk, 41645226, 2989
Comcast, comcast, 89587925, 180880
jonathan dienst, jonathan4ny, 36169584, 9324
NBC New York, NBCNewYork, 15864446, 331356
Bob Pisani, BobPisani, 227070376, 98301
Rick Santelli, RickSantelli, 231660649, 21104
Dwaine Scott, dwaine__scott, 15406924, 15323
Thomas Roberts, ThomasARoberts, 70771229, 74022
Mark Murray, mmurraypolitics, 92079350, 108948
Ryan Osborn, rozzy, 5507902, 13037
Savannah Guthrie, SavannahGuthrie, 52070270, 977021
Al Roker, alroker, 16379018, 2442306
NBC News PR, NBCNewsPR, 102480261, 48607
Kerry Sanders, KerryNBC, 209640562, 74269
Breaking News, BreakingNews, 6017542, 9644370
Sri Jegarajah, cnbcSri, 33451842, 10240
Oriel Morrison, Oriel_Morrison, 31372089, 7193
Peter Alexander, PeterAlexander, 91386979, 501521
Lester Holt, LesterHoltNBC, 25300308, 551682
Jeff Cox, JeffCoxCNBCcom, 50319756, 8450
Kayla Tausche, kaylatausche, 30043148, 100650
NBC Nightly News with Lester Holt, NBCNightlyNews, 8839632, 1037953
Andrea Mitchell, mitchellreports, 89820928, 1961902
Nick Dunn, NickDunnCNBC, 16319022, 10288
Andrew Ross Sorkin, andrewrsorkin, 33792634, 894726
Scott Cohn, ScottCohnTV, 53680074, 10976
Diana Olick, DianaOlick, 191250884, 51782
Becky Quick, BeckyQuick, 119372054, 278513
Amanda Drury, MandyCNBC, 222177693, 108496
Patti Domm, pattidomm, 20246842, 11169
Jon Fortt, jonfortt, 26819104, 41962
Sharon Epperson, sharon_epperson, 59325665, 19732
Jim Cramer, jimcramer, 14216123, 1773182
Lori Ann LaRocco, loriannlarocco, 98912540, 5399
Stephanie Landsman, StephLandsman, 113455697, 12553
Kate Kelly, katekelly, 40982362, 59258
David Faber, davidfaber, 140912249, 239841
Larry Kudlow, larry_kudlow, 44401911, 235694
NBC Sports, NBCSports, 11856342, 1038432
Carl Quintanilla, carlquintanilla, 114782468, 325077
CNBC Prime, CNBCPrimeTV, 72911037, 30496
Squawk on the Street, SquawkStreet, 106498703, 247539
Michelle Caruso-Cabrera, MCaruso_Cabrera, 103087049, 81974
Phil LeBeau, Lebeaucarnews, 70987052, 39779
CNBC Travel, CNBCtravel, 28008058, 8260
CNBC Int'l PR, cnbcipr, 28528172, 11201
CNBC Tech, CNBCtech, 19962813, 68049
CNBC International, CNBCi, 19898168, 135326
Bertha Coombs, berthacoombs, 93687723, 17014
Guy Adami, GuyAdami, 39264827, 344661
Pete Najarian, petenajarian, 14292717, 201645
NYSE üèõ, NYSE, 21323268, 1642969
Jon Najarian, jonnajarian, 14115408, 280991
Meet the Press, MeetThePress, 11856892, 655622
CNBC's Street Signs, StreetSignsCNBC, 36074927, 32973
janewells, janewells, 18326925, 114860
NBC News, NBCNews, 14173315, 8733143
NBC Entertainment, nbc, 26585095, 2089060
TODAY, TODAYshow, 7744592, 4202145
Alex Crippen, alexcrippen, 18461261, 9125
Worldwide Exchange, CNBCWEX, 26748158, 23290
CNBC's Fast Money, CNBCFastMoney, 16732770, 426789
Julia Boorstin, JBoorstin, 24266406, 35745
CNBC Now, CNBCnow, 26574283, 708428
The Exchange, CNBCTheExchange, 19674395, 37142
Mad Money On CNBC, MadMoneyOnCNBC, 16451932, 543566
